Id,AuctioneerID,Auction,AuctSessionID,AuctSessionName,GoedID,Lotnr,Description,LowEstimate,HighEstimate,LowEstimateNum,Search,ImageURL,datumTot
686967,deeland,25 Schip1,67,gevonden voorwerpen,10944,7001,"Lot diverse gevonden voorwerpen, exclusief kar",600,900,600,"Lot diverse gevonden voorwerpen, exclusief kar;;;Gevonden Voorwerpen Schiphol ^;;7001;;Lost & Found Schiphol Airport ^;",https://lotimages.blob.core.windows.net/deeland/e04c7717-e99c-4740-9368-2bedc3bbb7bb_TH.png,2025-01-27T16:00:28+00:00
686968,deeland,25 Schip1,67,gevonden voorwerpen,10978,7002,"Lot diverse gevonden voorwerpen, exclusief kar",600,900,600,"Lot diverse gevonden voorwerpen, exclusief kar;;;Gevonden Voorwerpen Schiphol ^;;7002;;Lost & Found Schiphol Airport ^;",https://lotimages.blob.core.windows.net/deeland/f46b1289-95c2-4770-b12a-93c26f2f9a67_TH.png,2025-01-27T16:00:28+00:00
686969,deeland,25 Schip1,67,gevonden voorwerpen,10972,7003,"Lot diverse koffers, exclusief kar",700,1000,700,"Lot diverse koffers, exclusief kar;;;Gevonden Voorwerpen Schiphol ^;;7003;;Lost & Found Schiphol Airport ^;",https://lotimages.blob.core.windows.net/deeland/5227a441-666b-4fb0-8342-81d5108f1e1d_TH.png,2025-01-27T16:00:28+00:00
686970,deeland,25 Schip1,67,gevonden voorwerpen,11169,7004,"Groot lot divers gereedschap, waaronder gebruikt en nieuw in verpakking, exlcusief kar en kratten",1500,2000,1500,"Groot lot divers gereedschap, waaronder gebruikt en nieuw in verpakking, exlcusief kar en kratten;;;Gevonden Voorwerpen Schiphol ^;;7004;;Lost & Found Schiphol Airport ^;",https://lotimages.blob.core.windows.net/deeland/518bf3b5-b6be-46f5-adea-ff524d36307b_TH.png,2025-01-27T16:00:28+00:00
686971,deeland,25 Schip1,67,gevonden voorwerpen,11140,7005,"Lot diverse koffers, exclusief kar",600,900,600,"Lot diverse koffers, exclusief kar;;;Gevonden Voorwerpen Schiphol ^;;7005;;Lost & Found Schiphol Airport ^;",https://lotimages.blob.core.windows.net/deeland/6d857682-11c7-4a6c-b5bc-1f81fa93964c_TH.png,2025-01-27T16:00:28+00:00
686972,deeland,25 Schip1,67,gevonden voorwerpen,11141,7006,"Lot diverse koffers, exclusief kar",700,1000,700,"Lot diverse koffers, exclusief kar;;;Gevonden Voorwerpen Schiphol ^;;7006;;Lost & Found Schiphol Airport ^;",https://lotimages.blob.core.windows.net/deeland/37e35c87-ec1b-438a-93bf-1bfe8ed65ad8_TH.png,2025-01-27T16:00:28+00:00
686973,deeland,25 Schip1,67,gevonden voorwerpen,11142,7007,"Lot diverse koffers, exclusief kar",700,1000,700,"Lot diverse koffers, exclusief kar;;;Gevonden Voorwerpen Schiphol ^;;7007;;Lost & Found Schiphol Airport ^;",https://lotimages.blob.core.windows.net/deeland/50efa3e9-aadf-404c-9813-b208fd72f5b9_TH.png,2025-01-27T16:00:28+00:00
686974,deeland,25 Schip1,67,gevonden voorwerpen,11170,7008,"Lot diverse gevonden voorwerpen waaronder lege etuis en andere, exclusief kar",200,400,200,"Lot diverse gevonden voorwerpen waaronder lege etuis en andere, exclusief kar;;;Gevonden Voorwerpen Schiphol ^;;7008;;Lost & Found Schiphol Airport ^;",https://lotimages.blob.core.windows.net/deeland/57a74e2c-f134-4479-a9f7-cfd75a091caa_TH.png,2025-01-27T16:00:28+00:00
686975,deeland,25 Schip1,67,gevonden voorwerpen,11143,7009,"Lot diverse koffers, exclusief kar",700,1000,700,"Lot diverse koffers, exclusief kar;;;Gevonden Voorwerpen Schiphol ^;;7009;;Lost & Found Schiphol Airport ^;",https://lotimages.blob.core.windows.net/deeland/20b1e80d-d412-472e-9c78-2395112cbdde_TH.png,2025-01-27T16:00:28+00:00
686976,deeland,25 Schip1,67,gevonden voorwerpen,10923,7010,"Lot diverse gevonden voorwerpen, exclusief kar",400,600,400,"Lot diverse gevonden voorwerpen, exclusief kar;;;Gevonden Voorwerpen Schiphol ^;;7010;;Lost & Found Schiphol Airport ^;",https://lotimages.blob.core.windows.net/deeland/22eb458c-1364-45df-9da4-cc0791890a45_TH.png,2025-01-27T16:00:28+00:00
686977,deeland,25 Schip1,67,gevonden voorwerpen,10919,7011,"Lot diverse kleding, exclusief kar",300,500,300,"Lot diverse kleding, exclusief kar;;;Gevonden Voorwerpen Schiphol ^;;7011;;Lost & Found Schiphol Airport ^;",https://lotimages.blob.core.windows.net/deeland/14395de2-52e2-4161-be99-f850186ffdde_TH.png,2025-01-27T16:00:28+00:00
686978,deeland,25 Schip1,67,gevonden voorwerpen,10929,7012,"Lot diverse koffers, exclusief kar",700,1000,700,"Lot diverse koffers, exclusief kar;;;Gevonden Voorwerpen Schiphol ^;;7012;;Lost & Found Schiphol Airport ^;",https://lotimages.blob.core.windows.net/deeland/53b0df76-1fc6-41b1-95c2-7ecf8fffc0ee_TH.png,2025-01-27T16:00:28+00:00
686979,deeland,25 Schip1,67,gevonden voorwerpen,10938,7013,"Lot diverse gevonden voorwerpen, exclusief kar",400,600,400,"Lot diverse gevonden voorwerpen, exclusief kar;;;Gevonden Voorwerpen Schiphol ^;;7013;;Lost & Found Schiphol Airport ^;",https://lotimages.blob.core.windows.net/deeland/8d88b6c8-80af-4739-a4e8-5c6fab94c991_TH.png,2025-01-27T16:00:28+00:00
686980,deeland,25 Schip1,67,gevonden voorwerpen,10948,7014,"Lot diverse gevonden voorwerpen, exclusief kar",400,600,400,"Lot diverse gevonden voorwerpen, exclusief kar;;;Gevonden Voorwerpen Schiphol ^;;7014;;Lost & Found Schiphol Airport ^;",https://lotimages.blob.core.windows.net/deeland/5509d215-0e39-4bff-9ce0-3b228647bd0a_TH.png,2025-01-27T16:00:28+00:00
686981,deeland,25 Schip1,67,gevonden voorwerpen,10918,7015,"<P>Lot diverse kleding, exclusief kar </P>",300,500,300,"<P>Lot diverse kleding, exclusief kar </P>;;;Gevonden Voorwerpen Schiphol ^;;7015;;Lost & Found Schiphol Airport ^;",https://lotimages.blob.core.windows.net/deeland/f579ea54-65f0-4db2-a70c-5e073f8c9c04_TH.png,2025-01-27T16:00:28+00:00
686982,deeland,25 Schip1,67,gevonden voorwerpen,10971,7016,"Lot diverse koffers, exclusief kar",700,1000,700,"Lot diverse koffers, exclusief kar;;;Gevonden Voorwerpen Schiphol ^;;7016;;Lost & Found Schiphol Airport ^;",https://lotimages.blob.core.windows.net/deeland/88608677-b7a3-4636-9c82-d7a6ca0fe547_TH.png,2025-01-27T16:00:28+00:00
686983,deeland,25 Schip1,67,gevonden voorwerpen,10974,7017,"Lot diverse gevonden voorwerpen, exclusief kar",600,900,600,"Lot diverse gevonden voorwerpen, exclusief kar;;;Gevonden Voorwerpen Schiphol ^;;7017;;Lost & Found Schiphol Airport ^;",https://lotimages.blob.core.windows.net/deeland/b30db295-5438-47b5-9513-4cca93ebed62_TH.png,2025-01-27T16:00:28+00:00
686984,deeland,25 Schip1,67,gevonden voorwerpen,10941,7018,"Lot diverse tassen en andere, exclusief kar",600,900,600,"Lot diverse tassen en andere, exclusief kar;;;Gevonden Voorwerpen Schiphol ^;;7018;;Lost & Found Schiphol Airport ^;",https://lotimages.blob.core.windows.net/deeland/b13250a8-6166-49d7-9a9c-a22418917139_TH.png,2025-01-27T16:00:28+00:00
686985,deeland,25 Schip1,67,gevonden voorwerpen,10943,7019,"Lot diverse gevonden voorwerpen, exclusief kar",600,900,600,"Lot diverse gevonden voorwerpen, exclusief kar;;;Gevonden Voorwerpen Schiphol ^;;7019;;Lost & Found Schiphol Airport ^;",https://lotimages.blob.core.windows.net/deeland/d5a4eecf-a1c8-4b74-a3b5-a6f0d7a9211c_TH.png,2025-01-27T16:00:28+00:00
686986,deeland,25 Schip1,67,gevonden voorwerpen,10942,7020,"Lot diverse tassen en andere, exclusief kar",600,900,600,"Lot diverse tassen en andere, exclusief kar;;;Gevonden Voorwerpen Schiphol ^;;7020;;Lost & Found Schiphol Airport ^;",https://lotimages.blob.core.windows.net/deeland/7b70c8cd-05e5-4f9d-88dd-1e73524eca8b_TH.png,2025-01-27T16:00:28+00:00
686987,deeland,25 Schip1,67,gevonden voorwerpen,10947,7021,"Lot diverse gevonden voorwerpen, exclusief kar",400,600,400,"Lot diverse gevonden voorwerpen, exclusief kar;;;Gevonden Voorwerpen Schiphol ^;;7021;;Lost & Found Schiphol Airport ^;",https://lotimages.blob.core.windows.net/deeland/ef796dea-5a8e-48f1-97a6-7d73de3247bf_TH.png,2025-01-27T16:00:28+00:00
686988,deeland,25 Schip1,67,gevonden voorwerpen,10924,7022,"Lot divers speelgoed, exclusief kar",300,500,300,"Lot divers speelgoed, exclusief kar;;;Gevonden Voorwerpen Schiphol ^;;7022;;Lost & Found Schiphol Airport ^;",https://lotimages.blob.core.windows.net/deeland/9cefba86-8357-470c-9bbe-368d4bcee4c8_TH.png,2025-01-27T16:00:28+00:00
686989,deeland,25 Schip1,67,gevonden voorwerpen,10921,7023,"Lot diverse gevonden voorwerpen, exclusief kar",400,600,400,"Lot diverse gevonden voorwerpen, exclusief kar;;;Gevonden Voorwerpen Schiphol ^;;7023;;Lost & Found Schiphol Airport ^;",https://lotimages.blob.core.windows.net/deeland/f4da1d4b-910e-46ce-9c50-b06169336f5f_TH.png,2025-01-27T16:00:28+00:00
686990,deeland,25 Schip1,67,gevonden voorwerpen,10946,7024,"Lot diverse gevonden voorwerpen, exclusief kar",400,600,400,"Lot diverse gevonden voorwerpen, exclusief kar;;;Gevonden Voorwerpen Schiphol ^;;7024;;Lost & Found Schiphol Airport ^;",https://lotimages.blob.core.windows.net/deeland/6b710813-a6d5-4b65-8446-54bf0f4b3c4b_TH.png,2025-01-27T16:00:28+00:00
686991,deeland,25 Schip1,67,gevonden voorwerpen,10935,7025,"Lot diverse buggy's, exclusief kar",200,400,200,"Lot diverse buggy's, exclusief kar;;;Gevonden Voorwerpen Schiphol ^;;7025;;Lost & Found Schiphol Airport ^;",https://lotimages.blob.core.windows.net/deeland/c710ed6f-233a-4443-b463-294c9a47efdd_TH.png,2025-01-27T16:00:28+00:00
686992,deeland,25 Schip1,67,gevonden voorwerpen,10945,7026,"Lot diverse gevonden voorwerpen, waaronder rolstoel, exclusief kar",200,300,200,"Lot diverse gevonden voorwerpen, waaronder rolstoel, exclusief kar;;;Gevonden Voorwerpen Schiphol ^;;7026;;Lost & Found Schiphol Airport ^;",https://lotimages.blob.core.windows.net/deeland/4be56680-f4f8-4628-a41d-afd06357ea00_TH.png,2025-01-27T16:00:28+00:00
686993,deeland,25 Schip1,67,gevonden voorwerpen,10975,7027,"Lot diverse gevonden voorwerpen, exclusief kar",600,900,600,"Lot diverse gevonden voorwerpen, exclusief kar;;;Gevonden Voorwerpen Schiphol ^;;7027;;Lost & Found Schiphol Airport ^;",https://lotimages.blob.core.windows.net/deeland/27c57f73-3b04-4693-bd92-620117067f5c_TH.png,2025-01-27T16:00:28+00:00
686994,deeland,25 Schip1,67,gevonden voorwerpen,10976,7028,"Lot diverse gevonden voorwerpen, exclusief kar",600,900,600,"Lot diverse gevonden voorwerpen, exclusief kar;;;Gevonden Voorwerpen Schiphol ^;;7028;;Lost & Found Schiphol Airport ^;",https://lotimages.blob.core.windows.net/deeland/2c8ccb6a-eb1c-4aea-9021-5715ee0d3fc9_TH.png,2025-01-27T16:00:28+00:00
686995,deeland,25 Schip1,67,gevonden voorwerpen,10977,7029,"Lot diverse gevonden voorwerpen, exclusief kar",600,900,600,"Lot diverse gevonden voorwerpen, exclusief kar;;;Gevonden Voorwerpen Schiphol ^;;7029;;Lost & Found Schiphol Airport ^;",https://lotimages.blob.core.windows.net/deeland/d3400299-cfb7-468d-9fdd-cbf8855eb650_TH.png,2025-01-27T16:00:28+00:00
686996,deeland,25 Schip1,67,gevonden voorwerpen,10973,7030,"Lot diverse koffers, exclusief kar",700,1000,700,"Lot diverse koffers, exclusief kar;;;Gevonden Voorwerpen Schiphol ^;;7030;;Lost & Found Schiphol Airport ^;",https://lotimages.blob.core.windows.net/deeland/f5f38e2a-64b4-4e2d-be06-d3537caa574b_TH.png,2025-01-27T16:00:28+00:00
686997,deeland,25 Schip1,67,gevonden voorwerpen,10930,7031,"Lot diverse koffers, exclusief kar",700,1000,700,"Lot diverse koffers, exclusief kar;;;Gevonden Voorwerpen Schiphol ^;;7031;;Lost & Found Schiphol Airport ^;",https://lotimages.blob.core.windows.net/deeland/5cb14b97-434e-49ac-81af-99ca904399fb_TH.png,2025-01-27T16:00:28+00:00
686998,deeland,25 Schip1,67,gevonden voorwerpen,10931,7032,"Lot diverse koffers, exclusief kar",700,1000,700,"Lot diverse koffers, exclusief kar;;;Gevonden Voorwerpen Schiphol ^;;7032;;Lost & Found Schiphol Airport ^;",https://lotimages.blob.core.windows.net/deeland/50241556-0878-4c65-bd74-82a039ee0fc5_TH.png,2025-01-27T16:00:28+00:00
686999,deeland,25 Schip1,67,gevonden voorwerpen,10940,7033,"Lot diverse gevonden voorwerpen, exclusief kar",600,900,600,"Lot diverse gevonden voorwerpen, exclusief kar;;;Gevonden Voorwerpen Schiphol ^;;7033;;Lost & Found Schiphol Airport ^;",https://lotimages.blob.core.windows.net/deeland/a047bd19-782a-448f-85f1-3c0924aff7ef_TH.png,2025-01-27T16:00:28+00:00
687000,deeland,25 Schip1,67,gevonden voorwerpen,10949,7034,"Lot diverse scharen, messen en andere, exclusief kar",1500,2000,1500,"Lot diverse scharen, messen en andere, exclusief kar;;;Gevonden Voorwerpen Schiphol ^;;7034;;Lost & Found Schiphol Airport ^;",https://lotimages.blob.core.windows.net/deeland/ab77c58a-44c1-4882-9e43-90d0b87730d5_TH.png,2025-01-27T16:00:28+00:00
687001,deeland,25 Schip1,67,gevonden voorwerpen,10933,7035,"Lot diverse gevonden voorwerpen, exclusief kar",200,400,200,"Lot diverse gevonden voorwerpen, exclusief kar;;;Gevonden Voorwerpen Schiphol ^;;7035;;Lost & Found Schiphol Airport ^;",https://lotimages.blob.core.windows.net/deeland/f0fa72ca-2b4f-4cbd-aa9b-de479686f998_TH.png,2025-01-27T16:00:28+00:00
687002,deeland,25 Schip1,67,gevonden voorwerpen,10920,7036,"Lot diverse koffers, exclusief kar",700,1000,700,"Lot diverse koffers, exclusief kar;;;Gevonden Voorwerpen Schiphol ^;;7036;;Lost & Found Schiphol Airport ^;",https://lotimages.blob.core.windows.net/deeland/b9fc88a0-7d5f-4f72-931a-b3d01f1fcfd4_TH.png,2025-01-27T16:00:28+00:00
687003,deeland,25 Schip1,67,gevonden voorwerpen,10932,7037,"Lot diverse koffers, exclusief kar",700,1000,700,"Lot diverse koffers, exclusief kar;;;Gevonden Voorwerpen Schiphol ^;;7037;;Lost & Found Schiphol Airport ^;",https://lotimages.blob.core.windows.net/deeland/a75dc548-b6e6-487f-9153-2611ecf113ca_TH.png,2025-01-27T16:00:28+00:00
687004,deeland,25 Schip1,67,gevonden voorwerpen,11148,7038,"Lot diverse koffers, exclusief kar",700,1000,700,"Lot diverse koffers, exclusief kar;;;Gevonden Voorwerpen Schiphol ^;;7038;;Lost & Found Schiphol Airport ^;",https://lotimages.blob.core.windows.net/deeland/2345bd00-ad47-4f91-a136-a3b657e6e8fa_TH.png,2025-01-27T16:00:28+00:00
687005,deeland,25 Schip1,67,gevonden voorwerpen,11147,7039,"Lot diverse koffers, exclusief kar",700,1000,700,"Lot diverse koffers, exclusief kar;;;Gevonden Voorwerpen Schiphol ^;;7039;;Lost & Found Schiphol Airport ^;",https://lotimages.blob.core.windows.net/deeland/ad5af2e6-d687-47b3-b244-1ce4cbd292a7_TH.png,2025-01-27T16:00:28+00:00
687006,deeland,25 Schip1,67,gevonden voorwerpen,11138,7040,"Lot diverse gevonden voorwerpen, exclusief kar",500,700,500,"Lot diverse gevonden voorwerpen, exclusief kar;;;Gevonden Voorwerpen Schiphol ^;;7040;;Lost & Found Schiphol Airport ^;",https://lotimages.blob.core.windows.net/deeland/2c4f9bf4-3958-4875-bedd-63e5f02ae8bd_TH.png,2025-01-27T16:00:28+00:00
687007,deeland,25 Schip1,67,gevonden voorwerpen,11134,7041,"Lot diverse koffers, exclusief kar",700,1000,700,"Lot diverse koffers, exclusief kar;;;Gevonden Voorwerpen Schiphol ^;;7041;;Lost & Found Schiphol Airport ^;",https://lotimages.blob.core.windows.net/deeland/5be2364a-82c5-4b44-ba5f-90121ae41221_TH.png,2025-01-27T16:00:28+00:00
687008,deeland,25 Schip1,67,gevonden voorwerpen,11129,7042,"Lot diverse koffers, exclusief kar",700,1000,700,"Lot diverse koffers, exclusief kar;;;Gevonden Voorwerpen Schiphol ^;;7042;;Lost & Found Schiphol Airport ^;",https://lotimages.blob.core.windows.net/deeland/353b218a-638f-40eb-bf23-309db49d1dbb_TH.png,2025-01-27T16:00:28+00:00
687009,deeland,25 Schip1,67,gevonden voorwerpen,11120,7043,Doos diverse koptelefoons,200,400,200,Doos diverse koptelefoons;;;Gevonden Voorwerpen Schiphol ^;;7043;;Lost & Found Schiphol Airport ^;,https://lotimages.blob.core.windows.net/deeland/32b8cb1c-97b9-4fd5-b68c-8538330d63ec_TH.png,2025-01-27T16:00:28+00:00
687010,deeland,25 Schip1,67,gevonden voorwerpen,11119,7044,Doos diverse koptelefoons,200,400,200,Doos diverse koptelefoons;;;Gevonden Voorwerpen Schiphol ^;;7044;;Lost & Found Schiphol Airport ^;,https://lotimages.blob.core.windows.net/deeland/b26825fd-8305-4b55-a8f9-5392e85a25f1_TH.png,2025-01-27T16:00:28+00:00
687011,deeland,25 Schip1,67,gevonden voorwerpen,11118,7045,Doos diverse koptelefoons,200,400,200,Doos diverse koptelefoons;;;Gevonden Voorwerpen Schiphol ^;;7045;;Lost & Found Schiphol Airport ^;,https://lotimages.blob.core.windows.net/deeland/c239a415-b664-4834-9132-b20ac70fb94c_TH.png,2025-01-27T16:00:28+00:00
687012,deeland,25 Schip1,67,gevonden voorwerpen,11165,7046,"<P>Sony Alpha 7 III systeemcamera</P>
<P>NOOT: nieuwwaarde 1399,00</P>",400,600,400,"<P>Sony Alpha 7 III systeemcamera</P>
<P>NOOT: nieuwwaarde 1399,00</P>;;;Gevonden Voorwerpen Schiphol ^;;7046;;Lost & Found Schiphol Airport ^;",https://lotimages.blob.core.windows.net/deeland/ebdc3e4e-06cd-4853-b382-0c26e84ecd60_TH.png,2025-01-27T16:00:28+00:00
687013,deeland,25 Schip1,67,gevonden voorwerpen,11166,7047,"<P>Sony FE 70-200 mm zoomlens, F/4.0 G OSS, met tas</P>
<P>NOOT: nieuwwaarde 1189,00</P>",400,600,400,"<P>Sony FE 70-200 mm zoomlens, F/4.0 G OSS, met tas</P>
<P>NOOT: nieuwwaarde 1189,00</P>;;;Gevonden Voorwerpen Schiphol ^;;7047;;Lost & Found Schiphol Airport ^;",https://lotimages.blob.core.windows.net/deeland/802c8647-0d5c-47c6-8a43-0a78c84c2a5d_TH.png,2025-01-27T16:00:28+00:00
687014,deeland,25 Schip1,67,gevonden voorwerpen,11167,7048,"<P>Sony FE 12-24 mm zoomlens, F/2.8 GM, met tas</P>
<P>NOOT: nieuwwaarde 2849,00</P>",1000,1500,1000,"<P>Sony FE 12-24 mm zoomlens, F/2.8 GM, met tas</P>
<P>NOOT: nieuwwaarde 2849,00</P>;;;Gevonden Voorwerpen Schiphol ^;;7048;;Lost & Found Schiphol Airport ^;",https://lotimages.blob.core.windows.net/deeland/60258c15-5bb8-403c-a7da-8f833e7e82f6_TH.png,2025-01-27T16:00:28+00:00
687063,deeland,25 Schip1,67,gevonden voorwerpen,11106,7097,Doos divers elektra,300,500,300,Doos divers elektra;;;Gevonden Voorwerpen Schiphol ^;;7097;;Lost & Found Schiphol Airport ^;,https://lotimages.blob.core.windows.net/deeland/9351ac8e-3cc5-4359-83d6-b74daa11d3c0_TH.png,2025-01-27T16:00:28+00:00
687064,deeland,25 Schip1,67,gevonden voorwerpen,11112,7098,Doos divers elektra,200,300,200,Doos divers elektra;;;Gevonden Voorwerpen Schiphol ^;;7098;;Lost & Found Schiphol Airport ^;,https://lotimages.blob.core.windows.net/deeland/79be89fd-72ec-42a4-9d6d-ce159211d938_TH.png,2025-01-27T16:00:28+00:00
687065,deeland,25 Schip1,67,gevonden voorwerpen,11055,7099,Doos diverse brillen,200,400,200,Doos diverse brillen;;;Gevonden Voorwerpen Schiphol ^;;7099;;Lost & Found Schiphol Airport ^;,https://lotimages.blob.core.windows.net/deeland/03808ef1-1ce5-44fb-86f2-9bdd7b34ec61_TH.png,2025-01-27T16:00:28+00:00
687066,deeland,25 Schip1,67,gevonden voorwerpen,11065,7100,Doos divers elektra,300,500,300,Doos divers elektra;;;Gevonden Voorwerpen Schiphol ^;;7100;;Lost & Found Schiphol Airport ^;,https://lotimages.blob.core.windows.net/deeland/4ef8a4f1-ee92-4351-b2e2-92b2a4c4c774_TH.png,2025-01-27T16:00:28+00:00
687067,deeland,25 Schip1,67,gevonden voorwerpen,11064,7101,Doos divers elektra,300,500,300,Doos divers elektra;;;Gevonden Voorwerpen Schiphol ^;;7101;;Lost & Found Schiphol Airport ^;,https://lotimages.blob.core.windows.net/deeland/d2aee6d3-40cb-4426-a20f-f61a4d76a57c_TH.png,2025-01-27T16:00:28+00:00
687068,deeland,25 Schip1,67,gevonden voorwerpen,11131,7102,"Lot diverse koffers, exclusief kar",700,1000,700,"Lot diverse koffers, exclusief kar;;;Gevonden Voorwerpen Schiphol ^;;7102;;Lost & Found Schiphol Airport ^;",https://lotimages.blob.core.windows.net/deeland/0fb72664-bfe2-477b-8f34-13809d3ab7f4_TH.png,2025-01-27T16:00:28+00:00
687069,deeland,25 Schip1,67,gevonden voorwerpen,11139,7103,"Lot diverse gevonden voorwerpen, exclusief kar",500,700,500,"Lot diverse gevonden voorwerpen, exclusief kar;;;Gevonden Voorwerpen Schiphol ^;;7103;;Lost & Found Schiphol Airport ^;",https://lotimages.blob.core.windows.net/deeland/432ba4cc-c423-4e0c-b9e9-805c6ddcca41_TH.png,2025-01-27T16:00:28+00:00
687070,deeland,25 Schip1,67,gevonden voorwerpen,11124,7104,Doos diverse Nintendo Switch (12x),800,1000,800,Doos diverse Nintendo Switch (12x);;;Gevonden Voorwerpen Schiphol ^;;7104;;Lost & Found Schiphol Airport ^;,https://lotimages.blob.core.windows.net/deeland/1437a588-ed7f-4444-a6e6-3fbc8eb5c9e7_TH.png,2025-01-27T16:00:28+00:00
687071,deeland,25 Schip1,67,gevonden voorwerpen,11122,7105,Doos diverse koptelefoons,300,500,300,Doos diverse koptelefoons;;;Gevonden Voorwerpen Schiphol ^;;7105;;Lost & Found Schiphol Airport ^;,https://lotimages.blob.core.windows.net/deeland/5153cc93-7d1e-4546-8020-78e38ecbce14_TH.png,2025-01-27T16:00:28+00:00
687072,deeland,25 Schip1,67,gevonden voorwerpen,11121,7106,Doos diverse koptelefoons,300,500,300,Doos diverse koptelefoons;;;Gevonden Voorwerpen Schiphol ^;;7106;;Lost & Found Schiphol Airport ^;,https://lotimages.blob.core.windows.net/deeland/ecd57d58-eb74-4984-a38f-56402c250885_TH.png,2025-01-27T16:00:28+00:00
687073,deeland,25 Schip1,67,gevonden voorwerpen,11159,7107,"Doos diverse Nintendo Switch (15x), controlers en een Switch Dock",1000,1500,1000,"Doos diverse Nintendo Switch (15x), controlers en een Switch Dock;;;Gevonden Voorwerpen Schiphol ^;;7107;;Lost & Found Schiphol Airport ^;",https://lotimages.blob.core.windows.net/deeland/5132db41-89e4-4e90-821a-6170e5c47892_TH.png,2025-01-27T16:00:28+00:00
687074,deeland,25 Schip1,67,gevonden voorwerpen,11104,7108,Doos diverse koptelefoons,300,500,300,Doos diverse koptelefoons;;;Gevonden Voorwerpen Schiphol ^;;7108;;Lost & Found Schiphol Airport ^;,https://lotimages.blob.core.windows.net/deeland/485004b0-d1ef-4e42-b318-0a115ebcdde1_TH.png,2025-01-27T16:00:28+00:00
687075,deeland,25 Schip1,67,gevonden voorwerpen,11103,7109,Doos diverse koptelefoons,300,500,300,Doos diverse koptelefoons;;;Gevonden Voorwerpen Schiphol ^;;7109;;Lost & Found Schiphol Airport ^;,https://lotimages.blob.core.windows.net/deeland/a1de49ce-47f2-4e2e-a728-0c72ee087406_TH.png,2025-01-27T16:00:28+00:00
687076,deeland,25 Schip1,67,gevonden voorwerpen,11102,7110,Doos diverse koptelefoons,300,500,300,Doos diverse koptelefoons;;;Gevonden Voorwerpen Schiphol ^;;7110;;Lost & Found Schiphol Airport ^;,https://lotimages.blob.core.windows.net/deeland/278eda82-d401-465b-af96-d32ad223c016_TH.png,2025-01-27T16:00:28+00:00
687077,deeland,25 Schip1,67,gevonden voorwerpen,11101,7111,Doos diverse koptelefoons,300,500,300,Doos diverse koptelefoons;;;Gevonden Voorwerpen Schiphol ^;;7111;;Lost & Found Schiphol Airport ^;,https://lotimages.blob.core.windows.net/deeland/ac0a6534-6a1e-4991-b772-a57016b15064_TH.png,2025-01-27T16:00:28+00:00
687078,deeland,25 Schip1,67,gevonden voorwerpen,10922,7112,"Lot diverse gevonden voorwerpen, exclusief kar",400,600,400,"Lot diverse gevonden voorwerpen, exclusief kar;;;Gevonden Voorwerpen Schiphol ^;;7112;;Lost & Found Schiphol Airport ^;",https://lotimages.blob.core.windows.net/deeland/955bb840-3131-411a-8f48-6fce8710691a_TH.png,2025-01-27T16:00:28+00:00
687079,deeland,25 Schip1,67,gevonden voorwerpen,11133,7113,"Lot diverse koffers, exclusief kar",700,1000,700,"Lot diverse koffers, exclusief kar;;;Gevonden Voorwerpen Schiphol ^;;7113;;Lost & Found Schiphol Airport ^;",https://lotimages.blob.core.windows.net/deeland/a478e41f-ec5a-4663-865a-80fa31e5d27f_TH.png,2025-01-27T16:00:28+00:00
687080,deeland,25 Schip1,67,gevonden voorwerpen,11128,7114,"Lot diverse koffers, exclusief kar",700,900,700,"Lot diverse koffers, exclusief kar;;;Gevonden Voorwerpen Schiphol ^;;7114;;Lost & Found Schiphol Airport ^;",https://lotimages.blob.core.windows.net/deeland/9d7f8320-d07e-4d21-9b71-8632592c37ee_TH.png,2025-01-27T16:00:28+00:00
687081,deeland,25 Schip1,67,gevonden voorwerpen,11146,7115,"Lot diverse koffers, exclusief kar",700,1000,700,"Lot diverse koffers, exclusief kar;;;Gevonden Voorwerpen Schiphol ^;;7115;;Lost & Found Schiphol Airport ^;",https://lotimages.blob.core.windows.net/deeland/ca5be826-dffa-4bb6-83f1-2c577d16ab58_TH.png,2025-01-27T16:00:28+00:00
687082,deeland,25 Schip1,67,gevonden voorwerpen,11110,7116,Doos divers elektra,300,500,300,Doos divers elektra;;;Gevonden Voorwerpen Schiphol ^;;7116;;Lost & Found Schiphol Airport ^;,https://lotimages.blob.core.windows.net/deeland/8a6a2aff-53e1-49e8-8893-6036027505d4_TH.png,2025-01-27T16:00:28+00:00
687083,deeland,25 Schip1,67,gevonden voorwerpen,11111,7117,Doos divers elektra,300,500,300,Doos divers elektra;;;Gevonden Voorwerpen Schiphol ^;;7117;;Lost & Found Schiphol Airport ^;,https://lotimages.blob.core.windows.net/deeland/53b7e023-6dbb-498b-af89-e25239ad0ab6_TH.png,2025-01-27T16:00:28+00:00
687084,deeland,25 Schip1,67,gevonden voorwerpen,11100,7118,Doos diverse koptelefoons,300,500,300,Doos diverse koptelefoons;;;Gevonden Voorwerpen Schiphol ^;;7118;;Lost & Found Schiphol Airport ^;,https://lotimages.blob.core.windows.net/deeland/0632ba67-3a68-497d-afd6-d360eb6fba3a_TH.png,2025-01-27T16:00:28+00:00
687085,deeland,25 Schip1,67,gevonden voorwerpen,11105,7119,Doos diverse koptelefoons,300,500,300,Doos diverse koptelefoons;;;Gevonden Voorwerpen Schiphol ^;;7119;;Lost & Found Schiphol Airport ^;,https://lotimages.blob.core.windows.net/deeland/2fc06f48-4247-4928-bbe7-4ba78b28be95_TH.png,2025-01-27T16:00:28+00:00
687086,deeland,25 Schip1,67,gevonden voorwerpen,11161,7120,Doos divers elektra,300,500,300,Doos divers elektra;;;Gevonden Voorwerpen Schiphol ^;;7120;;Lost & Found Schiphol Airport ^;,https://lotimages.blob.core.windows.net/deeland/89df5723-901e-48cb-a78c-0ebcd1672010_TH.png,2025-01-27T16:00:28+00:00
687087,deeland,25 Schip1,67,gevonden voorwerpen,11160,7121,Doos diverse camera's ,500,700,500,Doos diverse camera's ;;;Gevonden Voorwerpen Schiphol ^;;7121;;Lost & Found Schiphol Airport ^;,https://lotimages.blob.core.windows.net/deeland/443a432d-9c07-4f28-8b2d-2864d7741c56_TH.png,2025-01-27T16:00:28+00:00
687088,deeland,25 Schip1,67,gevonden voorwerpen,11163,7122,Doos divers elektra,300,500,300,Doos divers elektra;;;Gevonden Voorwerpen Schiphol ^;;7122;;Lost & Found Schiphol Airport ^;,https://lotimages.blob.core.windows.net/deeland/b5a8d8a7-d585-4a9b-b393-77ebf5d2869c_TH.png,2025-01-27T16:00:28+00:00
687089,deeland,25 Schip1,67,gevonden voorwerpen,11162,7123,Doos divers elektra,300,500,300,Doos divers elektra;;;Gevonden Voorwerpen Schiphol ^;;7123;;Lost & Found Schiphol Airport ^;,https://lotimages.blob.core.windows.net/deeland/a5171f4b-d6e1-4bd0-ba64-d5b2b20dc3eb_TH.png,2025-01-27T16:00:28+00:00
688110,deeland,25 Schip1,67,gevonden voorwerpen,11195,7124,"Lot diverse kleding, exclusief kar",300,400,300,"Lot diverse kleding, exclusief kar;;;;7124;;",https://lotimages.blob.core.windows.net/deeland/0b82a9e4-5d1b-4458-ad8c-553efcec0631_TH.png,2025-01-27T16:00:28+00:00
687015,deeland,25 Schip1,67,gevonden voorwerpen,11097,7049,Doos diverse koptelefoons,200,400,200,Doos diverse koptelefoons;;;Gevonden Voorwerpen Schiphol ^;;7049;;Lost & Found Schiphol Airport ^;,https://lotimages.blob.core.windows.net/deeland/371b95b3-3c4a-4385-aac7-d2952bca6245_TH.png,2025-01-27T16:00:28+00:00
687016,deeland,25 Schip1,67,gevonden voorwerpen,11096,7050,Doos diverse koptelefoons,200,400,200,Doos diverse koptelefoons;;;Gevonden Voorwerpen Schiphol ^;;7050;;Lost & Found Schiphol Airport ^;,https://lotimages.blob.core.windows.net/deeland/f318afbc-594e-40b4-b846-41af475059df_TH.png,2025-01-27T16:00:28+00:00
687017,deeland,25 Schip1,67,gevonden voorwerpen,11098,7051,Doos diverse koptelefoons,200,400,200,Doos diverse koptelefoons;;;Gevonden Voorwerpen Schiphol ^;;7051;;Lost & Found Schiphol Airport ^;,https://lotimages.blob.core.windows.net/deeland/1f5bf579-94c1-40fe-aa29-c63dff229f12_TH.png,2025-01-27T16:00:28+00:00
687018,deeland,25 Schip1,67,gevonden voorwerpen,11099,7052,Doos diverse koptelefoons,200,400,200,Doos diverse koptelefoons;;;Gevonden Voorwerpen Schiphol ^;;7052;;Lost & Found Schiphol Airport ^;,https://lotimages.blob.core.windows.net/deeland/176640e2-ac5a-4d39-82cb-04cd88e0b218_TH.png,2025-01-27T16:00:28+00:00
687019,deeland,25 Schip1,67,gevonden voorwerpen,11154,7053,Doos divers elektra,300,500,300,Doos divers elektra;;;Gevonden Voorwerpen Schiphol ^;;7053;;Lost & Found Schiphol Airport ^;,https://lotimages.blob.core.windows.net/deeland/c72be655-951a-426a-b3f8-45a6c252fb6a_TH.png,2025-01-27T16:00:28+00:00
687020,deeland,25 Schip1,67,gevonden voorwerpen,11153,7054,Doos divers elektra,300,500,300,Doos divers elektra;;;Gevonden Voorwerpen Schiphol ^;;7054;;Lost & Found Schiphol Airport ^;,https://lotimages.blob.core.windows.net/deeland/3ccd7982-698a-4e36-88f6-8671e97ca525_TH.png,2025-01-27T16:00:28+00:00
687021,deeland,25 Schip1,67,gevonden voorwerpen,11155,7055,Doos divers elektra,300,500,300,Doos divers elektra;;;Gevonden Voorwerpen Schiphol ^;;7055;;Lost & Found Schiphol Airport ^;,https://lotimages.blob.core.windows.net/deeland/06d2d6e4-6127-463d-8d59-e3bcbb817e12_TH.png,2025-01-27T16:00:28+00:00
687022,deeland,25 Schip1,67,gevonden voorwerpen,11164,7056,Doos diverse koptelefoons,300,600,300,Doos diverse koptelefoons;;;Gevonden Voorwerpen Schiphol ^;;7056;;Lost & Found Schiphol Airport ^;,https://lotimages.blob.core.windows.net/deeland/8c7cba7e-64ac-4863-9400-90963abc3349_TH.png,2025-01-27T16:00:28+00:00
687023,deeland,25 Schip1,67,gevonden voorwerpen,11156,7057,Doos divers elektra,300,500,300,Doos divers elektra;;;Gevonden Voorwerpen Schiphol ^;;7057;;Lost & Found Schiphol Airport ^;,https://lotimages.blob.core.windows.net/deeland/850d5128-0873-49ac-8c9e-7efac312156a_TH.png,2025-01-27T16:00:28+00:00
687024,deeland,25 Schip1,67,gevonden voorwerpen,11157,7058,Doos divers elektra,300,500,300,Doos divers elektra;;;Gevonden Voorwerpen Schiphol ^;;7058;;Lost & Found Schiphol Airport ^;,https://lotimages.blob.core.windows.net/deeland/25bcda54-57cb-45bc-8b00-9648f0df0c18_TH.png,2025-01-27T16:00:28+00:00
687025,deeland,25 Schip1,67,gevonden voorwerpen,11158,7059,Doos divers elektra,300,500,300,Doos divers elektra;;;Gevonden Voorwerpen Schiphol ^;;7059;;Lost & Found Schiphol Airport ^;,https://lotimages.blob.core.windows.net/deeland/b1429122-f076-4352-906c-e1dc32e16d9b_TH.png,2025-01-27T16:00:28+00:00
687026,deeland,25 Schip1,67,gevonden voorwerpen,11123,7060,Doos diverse koptelefoons,500,700,500,Doos diverse koptelefoons;;;Gevonden Voorwerpen Schiphol ^;;7060;;Lost & Found Schiphol Airport ^;,https://lotimages.blob.core.windows.net/deeland/1b35173f-2fdc-45db-a6b8-b383757385ad_TH.png,2025-01-27T16:00:28+00:00
687027,deeland,25 Schip1,67,gevonden voorwerpen,10928,7061,"Lot diverse koffers, exclusief kar",700,1000,700,"Lot diverse koffers, exclusief kar;;;Gevonden Voorwerpen Schiphol ^;;7061;;Lost & Found Schiphol Airport ^;",https://lotimages.blob.core.windows.net/deeland/b1edc8fd-e0ab-43c0-b3ae-02e68bb176a0_TH.png,2025-01-27T16:00:28+00:00
687028,deeland,25 Schip1,67,gevonden voorwerpen,10939,7062,"Lot diverse koffers, exclusief kar",700,1000,700,"Lot diverse koffers, exclusief kar;;;Gevonden Voorwerpen Schiphol ^;;7062;;Lost & Found Schiphol Airport ^;",https://lotimages.blob.core.windows.net/deeland/c79a1a4f-fba9-4d33-910e-54cd63424b76_TH.png,2025-01-27T16:00:28+00:00
687029,deeland,25 Schip1,67,gevonden voorwerpen,10990,7063,Doos divers toiletgerei ,100,200,100,Doos divers toiletgerei ;;;Gevonden Voorwerpen Schiphol ^;;7063;;Lost & Found Schiphol Airport ^;,https://lotimages.blob.core.windows.net/deeland/a4b4f710-5e15-4e15-ae3a-b4028e9e12e9_TH.png,2025-01-27T16:00:28+00:00
687030,deeland,25 Schip1,67,gevonden voorwerpen,10998,7064,Doos divers toiletgerei ,150,200,150,Doos divers toiletgerei ;;;Gevonden Voorwerpen Schiphol ^;;7064;;Lost & Found Schiphol Airport ^;,https://lotimages.blob.core.windows.net/deeland/b97cd186-7799-4e0c-96c9-a8c471fdc1be_TH.png,2025-01-27T16:00:28+00:00
687031,deeland,25 Schip1,67,gevonden voorwerpen,10992,7065,Doos divers toiletgerei ,100,200,100,Doos divers toiletgerei ;;;Gevonden Voorwerpen Schiphol ^;;7065;;Lost & Found Schiphol Airport ^;,https://lotimages.blob.core.windows.net/deeland/bf2807af-6c46-47dc-9dfb-e83750c0448e_TH.png,2025-01-27T16:00:28+00:00
687032,deeland,25 Schip1,67,gevonden voorwerpen,10991,7066,Doos divers toiletgerei ,100,200,100,Doos divers toiletgerei ;;;Gevonden Voorwerpen Schiphol ^;;7066;;Lost & Found Schiphol Airport ^;,https://lotimages.blob.core.windows.net/deeland/c4be602d-bbd5-4fca-82bd-a7ff5b6f4657_TH.png,2025-01-27T16:00:28+00:00
687033,deeland,25 Schip1,67,gevonden voorwerpen,10999,7067,Doos divers toiletgerei ,150,250,150,Doos divers toiletgerei ;;;Gevonden Voorwerpen Schiphol ^;;7067;;Lost & Found Schiphol Airport ^;,https://lotimages.blob.core.windows.net/deeland/5947dffd-3ff5-4619-93ce-2d7d3b1e0c61_TH.png,2025-01-27T16:00:28+00:00
687034,deeland,25 Schip1,67,gevonden voorwerpen,10997,7068,Doos divers toiletgerei ,150,200,150,Doos divers toiletgerei ;;;Gevonden Voorwerpen Schiphol ^;;7068;;Lost & Found Schiphol Airport ^;,https://lotimages.blob.core.windows.net/deeland/13594dd4-eb73-455b-91e4-b4815cd322f4_TH.png,2025-01-27T16:00:28+00:00
687035,deeland,25 Schip1,67,gevonden voorwerpen,10989,7069,Doos divers toiletgerei ,150,250,150,Doos divers toiletgerei ;;;Gevonden Voorwerpen Schiphol ^;;7069;;Lost & Found Schiphol Airport ^;,https://lotimages.blob.core.windows.net/deeland/72a6a9fb-e873-49e7-b88d-848b591a09d5_TH.png,2025-01-27T16:00:28+00:00
687036,deeland,25 Schip1,67,gevonden voorwerpen,10988,7070,Doos divers toiletgerei ,150,250,150,Doos divers toiletgerei ;;;Gevonden Voorwerpen Schiphol ^;;7070;;Lost & Found Schiphol Airport ^;,https://lotimages.blob.core.windows.net/deeland/3b1ecae9-36d0-45d9-8179-3d7bf3411728_TH.png,2025-01-27T16:00:28+00:00
687037,deeland,25 Schip1,67,gevonden voorwerpen,10994,7071,Doos divers elektra,300,500,300,Doos divers elektra;;;Gevonden Voorwerpen Schiphol ^;;7071;;Lost & Found Schiphol Airport ^;,https://lotimages.blob.core.windows.net/deeland/881c3729-893d-4126-9c61-9ab40449a4d0_TH.png,2025-01-27T16:00:28+00:00
687038,deeland,25 Schip1,67,gevonden voorwerpen,10995,7072,Doos divers elektra,300,600,300,Doos divers elektra;;;Gevonden Voorwerpen Schiphol ^;;7072;;Lost & Found Schiphol Airport ^;,https://lotimages.blob.core.windows.net/deeland/78c11497-eb2e-4fb7-95b8-ac0ecbbc38b3_TH.png,2025-01-27T16:00:28+00:00
687039,deeland,25 Schip1,67,gevonden voorwerpen,10993,7073,Doos divers elektra,300,500,300,Doos divers elektra;;;Gevonden Voorwerpen Schiphol ^;;7073;;Lost & Found Schiphol Airport ^;,https://lotimages.blob.core.windows.net/deeland/07709dc2-9bc4-4a58-a2a4-7466c4469a24_TH.png,2025-01-27T16:00:28+00:00
687040,deeland,25 Schip1,67,gevonden voorwerpen,10996,7074,Doos divers elektra,300,500,300,Doos divers elektra;;;Gevonden Voorwerpen Schiphol ^;;7074;;Lost & Found Schiphol Airport ^;,https://lotimages.blob.core.windows.net/deeland/b4ef1d54-3163-4bd8-92ee-4a6e47028e19_TH.png,2025-01-27T16:00:28+00:00
687041,deeland,25 Schip1,67,gevonden voorwerpen,11000,7075,Doos diverse camera's w.o. spiegelreflex,400,800,400,Doos diverse camera's w.o. spiegelreflex;;;Gevonden Voorwerpen Schiphol ^;;7075;;Lost & Found Schiphol Airport ^;,https://lotimages.blob.core.windows.net/deeland/603b5713-4bbd-4a76-8c54-566618c24cef_TH.png,2025-01-27T16:00:28+00:00
687042,deeland,25 Schip1,67,gevonden voorwerpen,11001,7076,Doos diverse camera's w.o. kleinbeeld en analoog,300,500,300,Doos diverse camera's w.o. kleinbeeld en analoog;;;Gevonden Voorwerpen Schiphol ^;;7076;;Lost & Found Schiphol Airport ^;,https://lotimages.blob.core.windows.net/deeland/2fb687eb-7448-4732-94b6-7120176c2053_TH.png,2025-01-27T16:00:28+00:00
687043,deeland,25 Schip1,67,gevonden voorwerpen,11063,7077,Doos divers elektra,300,500,300,Doos divers elektra;;;Gevonden Voorwerpen Schiphol ^;;7077;;Lost & Found Schiphol Airport ^;,https://lotimages.blob.core.windows.net/deeland/df46e31e-a2a8-4ad0-9682-7fb5c1f75da1_TH.png,2025-01-27T16:00:28+00:00
687044,deeland,25 Schip1,67,gevonden voorwerpen,11062,7078,Doos divers elektra,300,500,300,Doos divers elektra;;;Gevonden Voorwerpen Schiphol ^;;7078;;Lost & Found Schiphol Airport ^;,https://lotimages.blob.core.windows.net/deeland/7bdde9fb-297d-46f2-be04-96d09c00ad07_TH.png,2025-01-27T16:00:28+00:00
687045,deeland,25 Schip1,67,gevonden voorwerpen,11135,7079,"Lot diverse koffers, exclusief kar",700,1000,700,"Lot diverse koffers, exclusief kar;;;Gevonden Voorwerpen Schiphol ^;;7079;;Lost & Found Schiphol Airport ^;",https://lotimages.blob.core.windows.net/deeland/0ac63659-44be-4e72-8d9c-f9f560bdadee_TH.png,2025-01-27T16:00:28+00:00
687046,deeland,25 Schip1,67,gevonden voorwerpen,11132,7080,"Lot diverse koffers, exclusief kar",700,1000,700,"Lot diverse koffers, exclusief kar;;;Gevonden Voorwerpen Schiphol ^;;7080;;Lost & Found Schiphol Airport ^;",https://lotimages.blob.core.windows.net/deeland/8f7400be-b092-40a2-9251-ab80bc96ebef_TH.png,2025-01-27T16:00:28+00:00
687047,deeland,25 Schip1,67,gevonden voorwerpen,11144,7081,"Lot diverse koffers, exclusief kar",700,1000,700,"Lot diverse koffers, exclusief kar;;;Gevonden Voorwerpen Schiphol ^;;7081;;Lost & Found Schiphol Airport ^;",https://lotimages.blob.core.windows.net/deeland/bdfcf994-f854-42f4-b68c-7bdc4c107c73_TH.png,2025-01-27T16:00:28+00:00
687048,deeland,25 Schip1,67,gevonden voorwerpen,11149,7082,"Lot diverse koffers, exclusief kar",700,1000,700,"Lot diverse koffers, exclusief kar;;;Gevonden Voorwerpen Schiphol ^;;7082;;Lost & Found Schiphol Airport ^;",https://lotimages.blob.core.windows.net/deeland/f2ca64b9-ed95-4b21-9956-b2d57a440515_TH.png,2025-01-27T16:00:28+00:00
687049,deeland,25 Schip1,67,gevonden voorwerpen,11145,7083,"Lot diverse koffers, exclusief kar",700,1000,700,"Lot diverse koffers, exclusief kar;;;Gevonden Voorwerpen Schiphol ^;;7083;;Lost & Found Schiphol Airport ^;",https://lotimages.blob.core.windows.net/deeland/e95c123d-b61a-452e-9d6c-039fa0b60ae7_TH.png,2025-01-27T16:00:28+00:00
687050,deeland,25 Schip1,67,gevonden voorwerpen,11130,7084,"Lot diverse koffers, exclusief kar",700,900,700,"Lot diverse koffers, exclusief kar;;;Gevonden Voorwerpen Schiphol ^;;7084;;Lost & Found Schiphol Airport ^;",https://lotimages.blob.core.windows.net/deeland/0cc1c574-e641-482a-8fc7-f52a4569b0cf_TH.png,2025-01-27T16:00:28+00:00
687051,deeland,25 Schip1,67,gevonden voorwerpen,10934,7085,"Lot diverse gevonden voorwerpen, exclusief kar",300,500,300,"Lot diverse gevonden voorwerpen, exclusief kar;;;Gevonden Voorwerpen Schiphol ^;;7085;;Lost & Found Schiphol Airport ^;",https://lotimages.blob.core.windows.net/deeland/57b80e78-b82f-441c-812f-24a6855a3c6f_TH.png,2025-01-27T16:00:28+00:00
687052,deeland,25 Schip1,67,gevonden voorwerpen,11056,7086,Doos diverse brillen,200,400,200,Doos diverse brillen;;;Gevonden Voorwerpen Schiphol ^;;7086;;Lost & Found Schiphol Airport ^;,https://lotimages.blob.core.windows.net/deeland/fd9a1d51-0c6c-4459-bd6b-82392482e62c_TH.png,2025-01-27T16:00:28+00:00
687053,deeland,25 Schip1,67,gevonden voorwerpen,11057,7087,Doos diverse brillen,200,400,200,Doos diverse brillen;;;Gevonden Voorwerpen Schiphol ^;;7087;;Lost & Found Schiphol Airport ^;,https://lotimages.blob.core.windows.net/deeland/b14a4206-98c6-49cd-8a60-f9e39e63e3d3_TH.png,2025-01-27T16:00:28+00:00
687054,deeland,25 Schip1,67,gevonden voorwerpen,11058,7088,Doos diverse brillen,200,400,200,Doos diverse brillen;;;Gevonden Voorwerpen Schiphol ^;;7088;;Lost & Found Schiphol Airport ^;,https://lotimages.blob.core.windows.net/deeland/8f258768-d9fa-4a5f-b432-5e0c7742b41f_TH.png,2025-01-27T16:00:28+00:00
687055,deeland,25 Schip1,67,gevonden voorwerpen,11059,7089,Doos diverse brillen,200,400,200,Doos diverse brillen;;;Gevonden Voorwerpen Schiphol ^;;7089;;Lost & Found Schiphol Airport ^;,https://lotimages.blob.core.windows.net/deeland/94b36a3e-10ee-4389-a18b-5cf93e958541_TH.png,2025-01-27T16:00:28+00:00
687056,deeland,25 Schip1,67,gevonden voorwerpen,11060,7090,Doos diverse brillen,200,400,200,Doos diverse brillen;;;Gevonden Voorwerpen Schiphol ^;;7090;;Lost & Found Schiphol Airport ^;,https://lotimages.blob.core.windows.net/deeland/ce4ce502-422f-4bc6-9a9e-2c981ddbb59f_TH.png,2025-01-27T16:00:28+00:00
687057,deeland,25 Schip1,67,gevonden voorwerpen,11061,7091,Doos diverse brillen,200,400,200,Doos diverse brillen;;;Gevonden Voorwerpen Schiphol ^;;7091;;Lost & Found Schiphol Airport ^;,https://lotimages.blob.core.windows.net/deeland/47a65ac6-25fb-40f8-a3f0-4e8302cb0c2b_TH.png,2025-01-27T16:00:28+00:00
687058,deeland,25 Schip1,67,gevonden voorwerpen,11066,7092,Doos diverse koptelefoons,300,500,300,Doos diverse koptelefoons;;;Gevonden Voorwerpen Schiphol ^;;7092;;Lost & Found Schiphol Airport ^;,https://lotimages.blob.core.windows.net/deeland/176f1dad-4cfa-4a1b-9d3c-1cbf0dc4accc_TH.png,2025-01-27T16:00:28+00:00
687059,deeland,25 Schip1,67,gevonden voorwerpen,11067,7093,Doos diverse koptelefoons,300,500,300,Doos diverse koptelefoons;;;Gevonden Voorwerpen Schiphol ^;;7093;;Lost & Found Schiphol Airport ^;,https://lotimages.blob.core.windows.net/deeland/b8766032-04e8-481e-a56c-18cef6b1113a_TH.png,2025-01-27T16:00:28+00:00
687060,deeland,25 Schip1,67,gevonden voorwerpen,11109,7094,Doos divers elektra,300,500,300,Doos divers elektra;;;Gevonden Voorwerpen Schiphol ^;;7094;;Lost & Found Schiphol Airport ^;,https://lotimages.blob.core.windows.net/deeland/84cb77e1-b6ed-4e86-a528-a31d4c601f5f_TH.png,2025-01-27T16:00:28+00:00
687061,deeland,25 Schip1,67,gevonden voorwerpen,11108,7095,Doos divers elektra,300,500,300,Doos divers elektra;;;Gevonden Voorwerpen Schiphol ^;;7095;;Lost & Found Schiphol Airport ^;,https://lotimages.blob.core.windows.net/deeland/9eadea48-dc88-4fd3-9583-e71039271199_TH.png,2025-01-27T16:00:28+00:00
687062,deeland,25 Schip1,67,gevonden voorwerpen,11107,7096,Doos divers elektra,300,500,300,Doos divers elektra;;;Gevonden Voorwerpen Schiphol ^;;7096;;Lost & Found Schiphol Airport ^;,https://lotimages.blob.core.windows.net/deeland/b9029d07-54e8-4137-8741-4a8a0b79f8fd_TH.png,2025-01-27T16:00:28+00:00